INSERT INTO pomodoro(created, project, task, tasktype, code)
	VALUES (to_timestamp(1587139675), 'bct-helm-atlas', 'Create the data for pomodoro testing.', 'Develop', '603083|Orion'),
        (to_timestamp(1587827382), 'bct-nservicebus', 'Research how to enter multiple rows.', 'Research', 'NC1|R&D Indirect'),
        (to_timestamp(1588827654), 'bct-flyway-base', 'Test to make sure the data is accurate.', 'Testing', 'NC2|Admin'),
		(to_timestamp(1580122427), 'bct-tng-helm', 'Create Demo Diagrams', 'Demo', '601913|TOMEsNG'),
		(to_timestamp(1580124427), 'bct-rabbitmq-docker', 'Build RabbitMQ Docker pipeline', 'Scripting', '601913|TOMEsNG'),
		(to_timestamp(1580126427), 'bct-rabbitmq-docker', 'Build RabbitMQ Docker pipeline pt2', 'Scripting', '601913|TOMEsNG'),
		(to_timestamp(1580128427), 'azure-k8s', 'K8s Training', 'Training', '601913|TOMEsNG'),
		(to_timestamp(1580130427), 'azure-k8s', 'K8s Training pt2', 'Training', '601913|TOMEsNG'),
		(to_timestamp(1580208827), 'bct-tng-helm', 'Helm Design Documentation', 'Document', '601913|TOMEsNG'),
		(to_timestamp(1580210827), 'bct-tng-helm', 'Helm Design Documentation pt2', 'Document', '601913|TOMEsNG'),
		(to_timestamp(1580212827), 'bct-tng-helm', 'Demo Presentation Review and Edits', 'Demo', '601913|TOMEsNG'),
		(to_timestamp(1580214827), 'azure-k8s', 'K8s Training', 'Training', '601913|TOMEsNG'),
		(to_timestamp(1580295227), 'bct-tng-helm', 'Helm Design Documentation', 'Document', '601913|TOMEsNG'),
		(to_timestamp(1580297227), 'bct-tng-helm', 'Helm Design Documentation pt2', 'Document', '601913|TOMEsNG'),
		(to_timestamp(1580299227), 'bct-tng-helm', 'Create New Graphics for Demo', 'Demo', '601913|TOMEsNG'),
		(to_timestamp(1580301227), 'bct-tng-helm', 'Update Demo Presentation', 'Demo', '601913|TOMEsNG'),
		(to_timestamp(1580303227), 'bct-tng-helm', 'Update Demo Presentation pt2', 'Demo', '601913|TOMEsNG'),
		(to_timestamp(1580305227), 'bct-tng-helm', 'Update Demo Presentation pt3', 'Demo', '601913|TOMEsNG'),
		(to_timestamp(1580307227), 'bct-tng-helm', 'Update Demo Presentation pt4', 'Demo', '601913|TOMEsNG'),
		(to_timestamp(1580381627), 'bct-tng-helm', 'Demo Practice', 'Demo', '601913|TOMEsNG'),
		(to_timestamp(1580383627), 'bct-tng-helm', 'Demo Practice pt2', 'Demo', '601913|TOMEsNG'),
		(to_timestamp(1580468027), 'bct-tng-helm', 'Helm Design Documentation', 'Document', '601913|TOMEsNG'),
		(to_timestamp(1580470027), 'azure-k8s', 'K8s Training', 'Training', '601913|TOMEsNG'),
		(to_timestamp(1580472027), 'azure-k8s', 'K8s Training pt2', 'Training', '601913|TOMEsNG'),
		(to_timestamp(1580727095), 'bct-tng-helm', 'Outline the Microservice Design Detail Template', 'Develop', '601913|TOMEsNG'),
		(to_timestamp(1580988295), 'bct-tng-helm', 'Barcode Microservice Example Design Doc', 'Document', '601913|TOMEsNG'),
		(to_timestamp(1580990295), 'bct-tng-helm', 'Barcode Microservice Example Design Doc2', 'Document', '601913|TOMEsNG'),
		(to_timestamp(1580990295), 'bct-tng-helm', 'Barcode Microservice Example Design Doc2', 'Document', '601913|TOMEsNG'),
		(to_timestamp(1580992295), 'bct-tng-helm', 'Barcode Microservice Example Design Doc3', 'Document', '601913|TOMEsNG'),
		(to_timestamp(1580994295), 'bct-tng-helm', 'Update Graphics for Barcode Microservice Example Design Doc', 'Document', '601913|TOMEsNG'),
		(to_timestamp(1580996295), 'bct-flyway-base', 'Flyway pluralsight training', 'Training', '601913|TOMEsNG'),
		(to_timestamp(1580998295), 'bct-flyway-base', 'Flyway pluralsight training pt2', 'Training', '601913|TOMEsNG'),
		(to_timestamp(1581072695), 'bct-flyway-base', 'Setting up Postgres Test Database with Docker', 'Develop', '601913|TOMEsNG'),
		(to_timestamp(1581074695), 'bct-flyway-base', 'Build Postgres Database Creation and Drop scripts with psql client', 'Develop', '601913|TOMEsNG'),
		(to_timestamp(1581076695), 'bct-flyway-base', 'Build Dockerfile for flyway base', 'Develop', '601913|TOMEsNG'),
		(to_timestamp(1581078695), 'bct-flyway-base', 'flyway training pluralsight', 'Training', '601913|TOMEsNG'),
		(to_timestamp(1581080695), 'bct-flyway-base', 'flyway training pluralsight p2', 'Training', '601913|TOMEsNG'),
		(to_timestamp(1581082695), 'bct-flyway-base', 'flyway training pluralsight p3', 'Training', '601913|TOMEsNG'),
		(to_timestamp(1581084695), 'bct-flyway-base', 'Interact with Postgres with flyway cli', 'Develop', '601913|TOMEsNG'),
		(to_timestamp(1581331895), 'artifactory', 'Determine Artifactory Authorization Helm issues', 'Debug', '601913|TOMEsNG'),
		(to_timestamp(1581333895), 'artifactory', 'Determine Artifactory Authorization Helm issues pt2', 'Debug', '601913|TOMEsNG'),
		(to_timestamp(1581335895), 'bct-tng-helm', 'Spike research how powershell variable scoping works', 'Research', '601913|TOMEsNG'),
		(to_timestamp(1581337895), 'bct-tng-helm', 'Rewrite and test dev install script and push to develop', 'Scripting', '601913|TOMEsNG'),
		(to_timestamp(1581418295), 'bct-tng-helm', 'Address cred and install script comments and push to develop', 'PR', '601913|TOMEsNG'),
		(to_timestamp(1581420295), 'azure-k8s', 'Troubleshoot kubernetes errors', 'Debug', '601913|TOMEsNG'),
		(to_timestamp(1581422295), 'azure-k8s', 'Troubleshoot kubernetes errors pt2', 'Debug', '601913|TOMEsNG'),
		(to_timestamp(1581424295), 'azure-k8s', 'Troubleshoot kubernetes errors pt3', 'Debug', '601913|TOMEsNG'),
		(to_timestamp(1581426295), 'azure-k8s', 'Troubleshoot kubernetes errors pt4', 'Debug', '601913|TOMEsNG'),
		(to_timestamp(1581428295), 'n/a', 'Pluralsight Kubernetes Admin training', 'Training', '601913|TOMEsNG'),
		(to_timestamp(1581430295), 'n/a', 'Pluralsight Kubernetes Admin training pt2', 'Training', '601913|TOMEsNG'),
		(to_timestamp(1581504695), 'many', 'Troubleshoot integrating bct-rabbitmq-helm with bct-tng-helm', 'Debug', '601913|TOMEsNG'),
		(to_timestamp(1581506695), 'many', 'Troubleshoot integrating bct-rabbitmq-helm with bct-tng-helm pt2', 'Debug', '601913|TOMEsNG'),
		(to_timestamp(1581508695), 'many', 'Troubleshoot integrating bct-rabbitmq-helm with bct-tng-helm pt3', 'Debug', '601913|TOMEsNG'),
		(to_timestamp(1581510695), 'n/a', 'TBCT Trainings', 'Training', 'ADM'),
		(to_timestamp(1581512695), 'bct-tng-helm', 'Fix artifactory reference issues and create PR for bct-tng-helm.', 'PR', '601913|TOMEsNG'),
		(to_timestamp(1581591095), 'n/a', 'spike for gitaction workflows', 'Research', '601913|TOMEsNG'),
		(to_timestamp(1581593095), 'n/a', 'spike for gitaction workflows pt2', 'Research', '601913|TOMEsNG'),
		(to_timestamp(1581595095), 'bct-tng-helm', 'Troubleshoot Barcode and Workflow MS', 'Debug', '601913|TOMEsNG'),
		(to_timestamp(1581597095), 'bct-tng-helm', 'Troubleshoot Barcode and Workflow MS pt2', 'Debug', '601913|TOMEsNG'),
		(to_timestamp(1581599095), 'bct-tng-helm', 'Refactor TNG Helm chart', 'Develop', '601913|TOMEsNG'),
		(to_timestamp(1581601095), 'n/a', 'spike for gitaction workflows pt3', 'Research', '601913|TOMEsNG'),
		(to_timestamp(1581677495), 'bct-nservicebus', 'Paired Programming with Mike for troubleshooting pipeline interface tests', 'Debug', '601913|TOMEsNG'),
		(to_timestamp(1581679495), 'bct-nservicebus', 'Paired Programming with Mike for troubleshooting pipeline interface tests pt2', 'Debug', '601913|TOMEsNG'),
		(to_timestamp(1581936695), 'azure-k8s', 'Investigate Kubernetes ingress controller issue', 'Debug', '601913|TOMEsNG'),
		(to_timestamp(1581938695), 'azure-k8s', 'Investigate Kubernetes ingress controller issue pt2', 'Debug', '601913|TOMEsNG'),
		(to_timestamp(1581940695), 'azure-k8s', 'Investigate Kubernetes ingress controller issue pt3', 'Debug', '601913|TOMEsNG'),
		(to_timestamp(1581942695), 'many', 'Update and complete/coordinate PRs rabbitmq-docker, helm, and bct-tng-helm', 'PR', '601913|TOMEsNG'),
		(to_timestamp(1581946695), 'azure-k8s', 'Investigate Kubernetes ingress controller issue pt4', 'Debug', '601913|TOMEsNG'),
		(to_timestamp(1582023095), 'many', 'Confirm and merge all open PRs', 'PR', '601913|TOMEsNG'),
		(to_timestamp(1582025095), 'bct-flyway-base', 'Reorganize flyway-base project structure', 'Develop', '601913|TOMEsNG'),
		(to_timestamp(1582027095), 'bct-flyway-base', 'Implement flyway-base CI/CD build pipeline', 'Scripting', '601913|TOMEsNG'),
		(to_timestamp(1582029095), 'bct-flyway-base', 'Implement flyway-base CI/CD build pipeline pt2', 'Scripting', '601913|TOMEsNG'),
		(to_timestamp(1582031095), 'bct-minio-helm', 'Technocrates pr review X 2', 'PR', '601913|TOMEsNG'),
		(to_timestamp(1582033095), 'bct-flyway-base', 'Implement flyway-base postgreSQL scripts', 'Develop', '601913|TOMEsNG'),
		(to_timestamp(1582035095), 'bct-flyway-base', 'Implement flyway-base postgreSQL scripts pt2', 'Develop', '601913|TOMEsNG'),
		(to_timestamp(1582037095), 'bct-flyway-base', 'Implement flyway-base postgreSQL scripts pt3', 'Develop', '601913|TOMEsNG'),
		(to_timestamp(1582109495), 'bct-flyway-base', 'Complete PR and re-test flyway-base postgreSQL implementation', 'PR', '601913|TOMEsNG'),
		(to_timestamp(1582111495), 'bct-flyway-base', 'Implement flyway-base examples', 'Develop', '601913|TOMEsNG'),
		(to_timestamp(1582113495), 'bct-flyway-base', 'Implement flyway-base examples pt2', 'Develop', '601913|TOMEsNG'),
		(to_timestamp(1582115495), 'bct-flyway-base', 'Implement flyway-base examples pt3', 'Develop', '601913|TOMEsNG'),
		(to_timestamp(1582196027), 'bct-flyway-base', 'Re-implement flyway-base PostgreSQL scripts to support docker overrides', 'Develop', '601913|TOMEsNG'),
		(to_timestamp(1582196227), 'bct-flyway-base', 'Re-implement flyway-base PostgreSQL scripts to support docker overrides pt2', 'Develop', '601913|TOMEsNG'),
		(to_timestamp(1582196427), 'bct-flyway-base', 'Refactor and parameterize flyway-base run-example script', 'Scripting', '601913|TOMEsNG'),
		(to_timestamp(1582196627), 'bct-flyway-base', 'Test refactor and re-implementations with current SQLServer implementation', 'Develop', '601913|TOMEsNG'),
		(to_timestamp(1582196827), 'bct-flyway-base', 'Add Custom QueryDb scripts as an example of how to override flyway-base actions', 'Develop', '601913|TOMEsNG'),
		(to_timestamp(1582282427), 'bct-flyway-base', 'Update flyway-base README', 'Document', '601913|TOMEsNG'),
		(to_timestamp(1582284427), 'bct-flyway-base', 'Address and close flyway-base PR PostgreSQL re-implementation comments', 'PR', '601913|TOMEsNG'),
		(to_timestamp(1582286427), 'bct-flyway-base', 'flyway-base Create component tests framework with test examples', 'Develop', '601913|TOMEsNG'),
		(to_timestamp(1582288427), 'bct-flyway-base', 'flyway-base Create component tests framework with test examples pt2', 'Develop', '601913|TOMEsNG'),
		(to_timestamp(1582290427), 'bct-flyway-base', 'flyway-base Create component tests framework with test examples pt3', 'Develop', '601913|TOMEsNG'),
		(to_timestamp(1582292427), 'bct-flyway-base', 'flyway-base separate setup and teardown from the base component test script', 'Scripting', '601913|TOMEsNG'),
		(to_timestamp(1582541627), 'bct-flyway-base', 'Implement Component Tests for bct-flyway-base', 'Develop', '601913|TOMEsNG'),
		(to_timestamp(1582543627), 'bct-flyway-base', 'Implement Component Tests for bct-flyway-base pt2', 'Develop', '601913|TOMEsNG'),
		(to_timestamp(1582545627), 'bct-flyway-base', 'Implement Component Tests for bct-flyway-base pt3', 'Develop', '601913|TOMEsNG'),
		(to_timestamp(1582547627), 'bct-flyway-base', 'Implement Component Tests for bct-flyway-base pt4', 'Develop', '601913|TOMEsNG'),
		(to_timestamp(1582549627), 'bct-flyway-base', 'Implement Component Tests for bct-flyway-base pt5', 'Develop', '601913|TOMEsNG'),
		(to_timestamp(1582551627), 'bct-flyway-base', 'Troubleshoot bct-flway-base pineline failure', 'Debug', '601913|TOMEsNG'),
		(to_timestamp(1582553627), 'bct-flyway-base', 'Implement names parameters for bct-flyway-base', 'Develop', '601913|TOMEsNG'),
		(to_timestamp(1582628027), 'bct-nservicebus', 'Troubleshoot github pull request issue for BCT-NServiceBus', 'Debug', '601913|TOMEsNG'),
		(to_timestamp(1582630027), 'bct-flyway-base', 'Implement names parameters for bct-flyway-base pt2', 'Develop', '601913|TOMEsNG'),
		(to_timestamp(1582632027), 'bct-flyway-base', 'Implement names parameters for bct-flyway-base pt3', 'Develop', '601913|TOMEsNG'),
		(to_timestamp(1582634027), 'azure-k8s', 'Troubleshoot Azure K8s Ingress-Controller Issue.', 'Debug', '601913|TOMEsNG'),
		(to_timestamp(1582636027), 'bct-flyway-base', 'Implement flyway-base postgreSQL scripts pt2', 'Scripting', '601913|TOMEsNG'),
		(to_timestamp(1582638027), 'bct-flyway-base', 'Implement flyway-base postgreSQL scripts pt3', 'Scripting', '601913|TOMEsNG'),
		(to_timestamp(1582640027), 'n/a', 'Kubernetes Training - Ingress Traffic Patterns', 'Training', '601913|TOMEsNG'),
		(to_timestamp(1582642027), 'n/a', 'Kubernetes Training - Ingress Traffic Patterns pt 2', 'Training', '601913|TOMEsNG'),
		(to_timestamp(1582714427), 'bct-flyway-base', 'Implement flyway-base postgreSQL scripts pt4', 'Develop', '601913|TOMEsNG'),
		(to_timestamp(1582716427), 'bct-flyway-base', 'DDD flyway-base followup re-design', 'Document', '601913|TOMEsNG'),
		(to_timestamp(1582718427), 'bct-flyway-base', 'Add changes to flyway-base named parameters', 'Develop', '601913|TOMEsNG'),
		(to_timestamp(1582720427), 'bct-flyway-base', 'Fix flyway-base component test bugs', 'Debug', '601913|TOMEsNG'),
		(to_timestamp(1582800827), 'bct-flyway-base', 'Write BOM file', 'Document', '601913|TOMEsNG'),
		(to_timestamp(1582802827), 'bct-flyway-base', 'Implement pipeline to include BOM and new pipeline changes', 'Develop', '601913|TOMEsNG'),
		(to_timestamp(1582804827), 'bct-flyway-base', 'Configure environment to support PWSH 6 and new calculate-build local', 'Debug', '601913|TOMEsNG'),
		(to_timestamp(1582806827), 'bct-rabbitmq-docker', 'Fix bug rabbitmq-docker imports from docker hub instead of our image', 'Debug', '601913|TOMEsNG'),
		(to_timestamp(1582808827), 'bct-rabbitmq-docker', 'Fix bug rabbitmq-docker imports from docker hub instead of our image pt2', 'Debug', '601913|TOMEsNG'),
		(to_timestamp(1582887227), 'many', 'Close PRs for flyway-base and rabbitmq-docker address comments', 'PR', '601913|TOMEsNG'),
		(to_timestamp(1582889227), 'bct-flyway-base', 'Update BOM with better URLs and missing dependencies', 'Document', '601913|TOMEsNG'),
		(to_timestamp(1582891227), 'bct-nservicebus', 'Add postgres scripts to bct-nservicebus for flyway', 'Develop', '601913|TOMEsNG'),
		(to_timestamp(1582893227), 'bct-nservicebus', 'Adding reset and migrate scripts to bct-nservicebus for flyway', 'Scripting', '601913|TOMEsNG'),
		(to_timestamp(1582895227), 'n/a', 'Network refresher training - pluralsight', 'Training', '601913|TOMEsNG'),
		(to_timestamp(1582897227), 'bct-flyway-base', 'DDD flyway-base Add graphic design', 'Document', '601913|TOMEsNG'),
		(to_timestamp(1582901227), 'bct-flyway-base', 'Debug flyway-base release BOM pipeline failure', 'Debug', '601913|TOMEsNG'),
		(to_timestamp(1582903227), 'bct-flyway-base', 'Debug flyway-base release BOM pipeline failure pt2', 'Debug', '601913|TOMEsNG'),
		(to_timestamp(1583146427), 'bct-flyway-base', 'Address Comments and close PRs for bct-flyway-base and bct-nservicebus', 'PR', '601913|TOMEsNG'),
		(to_timestamp(1583148427), 'n/a', 'Do Blood Pathogen training', 'Training', 'ADM'),
		(to_timestamp(1583150427), 'bct-nservicebus', 'Implement Reset Script bct-nservicebus', 'Scripting', '601913|TOMEsNG'),
		(to_timestamp(1583152427), 'bct-nservicebus', 'Implement Reset Script bct-nservicebus with Testing Pipeline', 'Develop', '601913|TOMEsNG'),
		(to_timestamp(1583154427), 'bct-flyway-base', 'Address update-pipeline bct-flyway-base pr and comments', 'PR', '601913|TOMEsNG'),
		(to_timestamp(1583156427), 'bct-nservicebus', 'Add database migrations scripts to bct-nservicebus', 'Scripting', '601913|TOMEsNG'),
		(to_timestamp(1583158427), 'bct-nservicebus', 'Write bct-nservicebus custom/override actions README', 'Document', '601913|TOMEsNG'),
		(to_timestamp(1583232827), 'bct-nservicebus', 'Integrate bct-nservicenus pipeline branch with Sumits Interface Tests branch', 'PR', '601913|TOMEsNG'),
		(to_timestamp(1583234827), 'bct-nservicebus', '(troubleshoot) Paired programming with Sumit on Interface Tests - bct-nserviceBus', 'Debug', '601913|TOMEsNG'),
		(to_timestamp(1583236827), 'bct-nservicebus', '(troubleshoot) Paired programming with Sumit on Interface Tests - bct-nserviceBus pt2', 'Debug', '601913|TOMEsNG'),
		(to_timestamp(1583238827), 'bct-nservicebus', '(troubleshoot) Paired programming with Sumit on Interface Tests - bct-nserviceBus pt3', 'Debug', '601913|TOMEsNG'),
		(to_timestamp(1583240827), 'bct-nservicebus', '(troubleshoot) Paired programming with Sumit on Interface Tests - bct-nserviceBus pt4', 'Debug', '601913|TOMEsNG'),
		(to_timestamp(1583242827), 'bct-flyway-base', 'Research flyway multi-migration strategy', 'Research', '601913|TOMEsNG'),
		(to_timestamp(1583244827), 'bct-flyway-base', 'Spike - Attempt to create a multi-versioned flyway migration strategy', 'Develop', '601913|TOMEsNG'),
		(to_timestamp(1583246827), 'bct-flyway-base', 'Spike - Attempt to create a multi-versioned flyway migration strategy pt2', 'Develop', '601913|TOMEsNG'),
		(to_timestamp(1583248827), 'bct-flyway-base', 'Spike - Attempt to create a multi-versioned flyway migration strategy pt3', 'Develop', '601913|TOMEsNG'),
		(to_timestamp(1583319227), 'bct-flyway-base', 'Spike - Attempt to create a multi-versioned flyway migration strategy pt4', 'Develop', '601913|TOMEsNG'),
		(to_timestamp(1583321227), 'bct-flyway-base', 'Address bct-flyway-base PR and comments, finish resulting release PR', 'PR', '601913|TOMEsNG'),
		(to_timestamp(1583323227), 'bct-flyway-base', 'Write script to automate the multi-migration bct-flyway-base strategt', 'Scripting', '601913|TOMEsNG'),
		(to_timestamp(1583325227), 'bct-nservicebus', 'Paired Program Unit tests for nservicebus', 'Develop', '601913|TOMEsNG'),
		(to_timestamp(1583327227), 'bct-nservicebus', 'Paired Program Unit tests for nservicebus', 'Develop', '601913|TOMEsNG'),
		(to_timestamp(1583405627), 'bct-nservicebus', 'Learning Prometheus', 'Training', '601913|TOMEsNG'),
		(to_timestamp(1583407627), 'bct-nservicebus', 'Learning Prometheus pt2', 'Training', '601913|TOMEsNG'),
		(to_timestamp(1583409627), 'bct-nservicebus', 'Learning Prometheus pt3', 'Training', '601913|TOMEsNG');


INSERT INTO projects(project)
    VALUES ('bct-nservicebus'), ('bct-helm-atlas'), ('bct-flyway-base'), ('n/a'), ('bct-minio-helm'),
        ('bct-tng-helm'), ('bct-rabbitmq-docker'), ('azure-k8s'), ('artifactory'), ('many');

INSERT INTO codes(code)
    VALUES ('603083|Orion'), ('NC1|R&D Indirect'), ('NC2|Admin'), ('601913|TOMEsNG');

INSERT INTO tasktypes(tasktype)
    VALUES ('Develop'), ('Debug'), ('Admin'), ('Training'), ('Research'), 
        ('Testing'), ('Demo'), ('Scripting'), ('Document');

